Date,Name,Session_Type,Sleep_Duration,Sleep_Score,Sleep_Quality,Soreness,Stress,Distance,Acceleration_Count,Max_Acceleration,Deceleration_Count,Max_Deceleration,Max_Speed
10/31/2022,Bill,Practice,5,78,6,6.5,8,8054,77,4.53,66,5.9,30.86
10/31/2022,Jack,Practice,6,82,7,3,7,5422,56,4.99,41,7.9,28.95
10/31/2022,Franco,Practice,5,78,6,4,8,5131,59,5.72,70,7.52,29.6
10/31/2022,Elijiah,Practice,9,92,8.5,5.5,6,6873,61,4.8,39,6.73,25.72
10/31/2022,Micah,Practice,10,96,9,4,5,6161,40,5.79,60,5.71,25.57
10/31/2022,Aaron,Practice,10,96,9,4,5,5396,55,5.79,71,6.94,28.87
10/31/2022,Caden,Practice,7,84,7.5,6.5,6.5,7969,57,5.87,63,7.78,25.94
10/31/2022,Trevor,Practice,9,92,8.5,3,6,5254,74,5.61,49,6.77,25.92
10/31/2022,Jonathon,Practice,10,96,9,6.5,5,7842,43,5.74,33,5.72,28.56
10/31/2022,Santiago,Practice,9,92,8.5,4.5,6,6461,74,6.88,45,5.86,30.86
11/1/2022,Bill,Practice,6,82,7,6,7,6886,44,5.93,49,5.88,25.74
11/1/2022,Jack,Practice,5,78,6,4.5,8,6834,53,6.58,56,6.82,25.55
11/1/2022,Franco,Practice,6,82,7,5,7,7657,63,5.57,60,6.64,26.63
11/1/2022,Elijiah,Practice,8,87,8,3,6,6101,80,5.88,32,5.77,26.53
11/1/2022,Micah,Practice,10,96,9,5.5,5,7024,75,5.88,60,7.79,27.58
11/1/2022,Aaron,Practice,8,87,8,4,5,7305,67,6.70,31,7.94,27.83
11/1/2022,Caden,Practice,7,84,7.5,3,6.5,5118,62,4.64,60,6.86,28.95
11/1/2022,Trevor,Practice,5,78,6,4.5,8,6838,67,6.65,70,5.56,24.5
11/1/2022,Jonathon,Practice,9,92,8.5,6.5,6,7884,56,6.96,68,6.5,30.96
11/1/2022,Santiago,Practice,5,78,6,4.5,8,6670,59,6.95,67,7.92,25.51
11/2/2022,Bill,Practice,7,84,7.5,5,6.5,6717,78,4.57,80,6.58,29.5
11/2/2022,Jack,Practice,7,84,7.5,5.5,6.5,7210,56,4.96,37,6.67,29.74
11/2/2022,Franco,Practice,8,87,8,3,5,6091,57,6.61,70,6.87,30.5
11/2/2022,Elijiah,Practice,10,96,9,4.5,5,6650,76,5.77,68,7.81,26.83
11/2/2022,Micah,Practice,6,82,7,3,7,6116,73,5.74,39,6.75,28.73
11/2/2022,Aaron,Practice,8,87,8,4.5,5,6446,65,4.66,41,6.55,27.89
11/2/2022,Caden,Practice,5,78,6,5.5,8,6937,52,5.99,78,5.77,28.52
11/2/2022,Trevor,Practice,8,87,8,3,7,5412,40,4.57,66,5.84,24.94
11/2/2022,Jonathon,Practice,9,92,8.5,6.5,6,7994,47,5.63,79,5.9,24.52
11/2/2022,Santiago,Practice,7,84,7.5,4.5,6.5,6828,60,5.91,74,6.67,30.75
11/3/2022,Bill,Practice,5,78,6,6.5,8,7938,43,6.78,37,5.76,26.88
11/3/2022,Jack,Practice,7,84,7.5,3,6.5,5802,72,5.52,51,5.71,30.85
11/3/2022,Franco,Practice,5,78,6,6.5,8,8035,60,6.87,28,7.63,24.76
11/3/2022,Elijiah,Practice,9,92,8.5,3,6,6149,45,5.83,49,5.8,27.51
11/3/2022,Micah,Practice,6,82,7,3,7,5143,71,4.51,38,7.72,28.65
11/3/2022,Aaron,Practice,7,84,7.5,4.5,6.5,6611,81,4.62,72,7.5,25.91
11/3/2022,Caden,Practice,5,78,6,3,8,5659,65,5.85,43,5.89,26.81
11/3/2022,Trevor,Practice,8,87,8,3,5,5613,54,5.52,66,5.52,30.5
11/3/2022,Jonathon,Practice,8,87,8,4.5,6,6557,51,6.89,66,5.72,29.71
11/3/2022,Santiago,Practice,8,87,8,5.5,4,7055,63,4.80,60,5.8,26.82
11/4/2022,Bill,Practice,7,84,7.5,3,5,5318,69,4.87,63,7.7,24.7
11/4/2022,Jack,Practice,8,87,8,6.5,4,8026,71,4.70,46,6.69,27.67
11/4/2022,Franco,Practice,10,96,9,4.5,5,6280,55,4.72,40,5.57,28.99
11/4/2022,Elijiah,Practice,8,87,8,4.5,4,6352,80,4.72,77,7.7,27.73
11/4/2022,Micah,Practice,7,84,7.5,6,6.5,7455,74,4.61,56,5.63,27.87
11/4/2022,Aaron,Practice,9,92,8.5,6.5,6,8053,83,6.91,34,7.77,26.68
11/4/2022,Caden,Practice,6,82,7,6.5,7,7814,46,6.6,30,7.53,30.96
11/4/2022,Trevor,Practice,10,96,9,3,5,6090,55,5.92,44,6.91,28.75
11/4/2022,Jonathon,Practice,9,92,8.5,6.5,6,8067,75,6.55,28,7.77,25.52
11/4/2022,Santiago,Practice,7,84,7.5,3,6.5,6043,57,5.67,59,7.83,24.66
11/5/2022,Bill,Game,8,87,8,7.5,4,9626,61,4.89,54,7.92,28.61
11/5/2022,Jack,Game,10,96,9,8,5,10391,31,6.67,36,5.82,24.98
11/5/2022,Franco,Game,7,84,7.5,7.5,6.5,9307,70,6.86,45,5.73,26.73
11/5/2022,Elijiah,Game,7,84,7.5,8,6.5,10443,42,5.61,37,6.87,29.93
11/5/2022,Micah,Game,8,87,8,8,5,11228,41,4.9,54,6.71,30.92
11/5/2022,Aaron,Game,8,87,8,7.5,5,8492,45,4.69,61,5.96,27.58
11/5/2022,Caden,Game,7,84,7.5,8,6.5,10598,76,5.98,51,6.78,29.61
11/5/2022,Trevor,Game,9,92,8.5,8,6,10998,77,5.95,48,5.98,26.94
11/5/2022,Jonathon,Game,10,96,9,7.5,5,9490,75,6.70,31,7.84,26.93
11/5/2022,Santiago,Game,9,92,8.5,7.5,6,9225,66,6.82,67,7.59,30.89
11/7/2022,Bill,Practice,7,84,7.5,4.5,5,6314,63,5.62,61,6.55,27.53
11/7/2022,Jack,Practice,6,82,7,6.5,6,7931,53,4.58,61,5.87,24.72
11/7/2022,Franco,Practice,5,78,6,4.5,8,6378,75,4.61,28,6.82,29.88
11/7/2022,Elijiah,Practice,8,87,8,6,4,7502,84,5.59,41,5.6,29.88
11/7/2022,Micah,Practice,8,87,8,5.5,5,7050,55,4.87,50,6.89,29.91
11/7/2022,Aaron,Practice,6,82,7,6.5,7,7862,50,5.64,52,7.89,30.75
11/7/2022,Caden,Practice,8,87,8,3,4,5835,58,5.98,62,5.65,28.78
11/7/2022,Trevor,Practice,9,92,8.5,6,6,7565,61,6.83,72,6.93,24.83
11/7/2022,Jonathon,Practice,8,87,8,5,5,7628,56,5.94,43,7.5,29.67
11/7/2022,Santiago,Practice,10,96,9,6,5,7394,58,6.91,62,7.66,29.86
11/8/2022,Bill,Practice,9,92,8.5,3,6,5786,80,6.78,40,7.99,29.92
11/8/2022,Jack,Practice,9,92,8.5,4.5,6,6645,53,6.74,54,5.95,24.76
11/8/2022,Franco,Practice,5,78,6,4.5,8,6187,67,6.73,62,5.96,28.93
11/8/2022,Elijiah,Practice,8,87,8,3,5.5,5301,59,4.76,34,6.78,28.9
11/8/2022,Micah,Practice,7,84,7.5,4.5,5,6832,61,6.69,49,7.86,25.6
11/8/2022,Aaron,Practice,10,96,9,4.5,5,6416,48,4.95,37,7.66,28.56
11/8/2022,Caden,Practice,7,84,7.5,6,6.5,7562,65,5.71,31,7.68,26.8
11/8/2022,Trevor,Practice,10,96,9,5.5,5,6989,58,6.90,37,5.84,30.62
11/8/2022,Jonathon,Practice,10,96,9,5.5,5,7116,69,6.82,61,5.67,27.73
11/8/2022,Santiago,Practice,5,78,6,3,8,5584,80,6.83,32,5.66,28.66
11/9/2022,Bill,Practice,9,92,8.5,6,6,6327,79,6.96,63,7.68,27.66
11/9/2022,Jack,Practice,5,78,6,3,8,5802,47,4.94,33,6.89,30.92
11/9/2022,Franco,Practice,8,87,8,5,5,7371,79,5.73,43,7.95,28.54
11/9/2022,Elijiah,Practice,10,96,9,3,5,6746,40,4.68,50,7.66,25.94
11/9/2022,Micah,Practice,5,78,6,3,8,5668,69,5.69,47,7.82,28.7
11/9/2022,Aaron,Practice,9,92,8.5,4.5,6,6644,83,6.70,44,6.9,27.7
11/9/2022,Caden,Practice,6,82,7,3,7,5600,62,5.88,66,6.85,25.83
11/9/2022,Trevor,Practice,9,92,8.5,5.5,6,6891,48,6.53,72,7.77,27.68
11/9/2022,Jonathon,Practice,8,87,8,6,4,7541,60,4.99,48,7.84,24.89
11/9/2022,Santiago,Practice,8,87,8,3,5,5604,53,6.63,48,6.91,29.61
11/10/2022,Bill,Practice,10,96,9,4.5,5,6751,71,4.60,33,6.74,24.91
11/10/2022,Jack,Practice,7,84,7.5,4.5,6.5,6632,80,4.83,75,6.79,26.92
11/10/2022,Franco,Practice,5,78,6,5.5,8,7024,56,5.79,29,6.98,24.78
11/10/2022,Elijiah,Practice,9,92,8.5,3,6,5762,63,5.96,58,6.81,25.6
11/10/2022,Micah,Practice,5,78,6,3,8,5382,81,4.69,36,5.98,30.81
11/10/2022,Aaron,Practice,6,82,7,3,7,5242,47,6.5,78,5.53,27.91
11/10/2022,Caden,Practice,7,84,7.5,6,6.5,7506,80,4.91,60,6.63,29.63
11/10/2022,Trevor,Practice,6,82,7,5.5,7,6934,44,6.97,28,6.58,28.98
11/10/2022,Jonathon,Practice,8,87,8,4.5,4,6809,57,4.57,49,6.93,25.72
11/10/2022,Santiago,Practice,6,82,7,6,5,7503,50,4.91,64,6.6,28.6
11/11/2022,Bill,Practice,6,82,7,3,7,5587,45,4.8,45,7.74,29.5
11/11/2022,Jack,Practice,9,92,8.5,5,6,6186,67,6.64,52,5.57,24.85
11/11/2022,Franco,Practice,7,84,7.5,6.5,6.5,8093,47,5.98,35,6.79,29.78
11/11/2022,Elijiah,Practice,8,87,8,6,5,5835,53,4.94,32,6.78,30.69
11/11/2022,Micah,Practice,10,96,9,4,5,7003,42,6.50,62,5.56,30.52
11/11/2022,Aaron,Practice,7,84,7.5,3.5,6.5,8031,84,5.90,68,5.78,28.71
11/11/2022,Caden,Practice,8,87,8,6,5,7647,66,4.81,53,7.66,25.99
11/11/2022,Trevor,Practice,8,87,8,5.5,5,7133,83,5.73,33,5.94,28.84
11/11/2022,Jonathon,Practice,5,78,6,3,8,5459,52,4.86,53,7.97,29.77
11/11/2022,Santiago,Practice,8,87,8,5.5,6,6906,76,5.69,56,5.97,29.5
11/12/2022,Bill,Game,9,92,8.5,8,6,10555,71,4.81,28,6.79,24.54
11/12/2022,Jack,Game,9,92,8.5,8,6,11189,35,6.83,55,5.62,29.65
11/12/2022,Franco,Game,7,84,7.5,7.5,6.5,9300,51,4.89,35,5.83,26.6
11/12/2022,Elijiah,Game,10,96,9,7,5,11655,54,4.91,61,6.98,27.8
11/12/2022,Micah,Game,9,92,8.5,8,6,10914,49,5.67,65,7.97,25.77
11/12/2022,Aaron,Game,7,84,7.5,8,6.5,10826,32,4.62,34,7.82,30.76
11/12/2022,Caden,Game,8,87,8,7,5,9643,71,5.80,59,5.64,25.7
11/12/2022,Trevor,Game,7,84,7.5,7.5,6,9486,69,6.65,38,7.99,29.92
11/12/2022,Jonathon,Game,9,92,8.5,7.5,5.5,9610,71,4.98,34,7.67,27.56
11/12/2022,Santiago,Game,10,96,9,8.5,5,9265,68,5.89,39,5.51,27.58
11/14/2022,Bill,Practice,7,84,7.5,3,6.5,5309,57,6.52,42,6.58,25.94
11/14/2022,Jack,Practice,9,92,8.5,3,6,5865,57,5.57,58,6.98,24.94
11/14/2022,Franco,Practice,5,78,6,5.5,8,7146,82,6.68,39,6.75,30.79
11/14/2022,Elijiah,Practice,9,92,8.5,5.5,6,6959,70,4.7,38,6.9,28.83
11/14/2022,Micah,Practice,7,84,7.5,6.5,6.5,8061,67,4.78,44,6.8,27.72
11/14/2022,Aaron,Practice,10,96,9,4.5,5,6267,53,4.74,64,7.66,27.54
11/14/2022,Caden,Practice,6,82,7,4.5,7,6420,73,5.62,59,6.86,26.8
11/14/2022,Trevor,Practice,6,82,7,5.5,7,6908,50,6.86,72,5.82,28.59
11/14/2022,Jonathon,Practice,7,84,7.5,5.5,6.5,7289,50,6.76,68,7.69,25.6
11/14/2022,Santiago,Practice,5,78,6,4.5,8,6411,55,4.71,34,7.96,30.95
11/15/2022,Bill,Practice,8,87,8,6,6,7393,78,6.97,29,5.63,28.77
11/15/2022,Jack,Practice,9,92,8.5,3,5,5224,42,6.88,61,6.66,30.82
11/15/2022,Franco,Practice,5,78,6,5.5,8,7232,46,6.84,62,5.66,30.58
11/15/2022,Elijiah,Practice,5,78,6,6,8,7520,67,4.9,42,5.78,30.61
11/15/2022,Micah,Practice,10,96,9,6.5,4.5,7804,54,6.91,69,5.77,26.8
11/15/2022,Aaron,Practice,7,84,7.5,6.5,6.5,7917,48,4.67,49,5.94,26.78
11/15/2022,Caden,Practice,7,84,7.5,3,6.5,6128,85,5.8,74,6.71,24.56
11/15/2022,Trevor,Practice,5,78,6,6,8,7573,50,4.85,74,6.92,25.82
11/15/2022,Jonathon,Practice,8,87,8,3,6,5572,49,5.71,28,7.53,26.55
11/15/2022,Santiago,Practice,6,82,7,6.5,7,7849,42,5.91,77,6.66,28.92
11/16/2022,Bill,Practice,6,82,7,6,7,7407,65,6.72,47,6.7,24.85
11/16/2022,Jack,Practice,9,92,8.5,3,5,5584,70,6.83,40,7.7,29.92
11/16/2022,Franco,Practice,6,82,7,3,7,5422,42,6.95,34,7.99,28.87
11/16/2022,Elijiah,Practice,6,82,7,6.5,7,7774,42,5.94,31,6.93,24.71
11/16/2022,Micah,Practice,7,84,7.5,3,6.5,5602,81,4.99,40,5.7,27.94
11/16/2022,Aaron,Practice,8,87,8,3,6,5373,81,5.59,66,5.85,30.53
11/16/2022,Caden,Practice,5,78,6,4.5,8,6762,76,5.56,37,7.73,30.53
11/16/2022,Trevor,Practice,6,82,7,5.5,7,7283,51,4.57,29,6.58,28.75
11/16/2022,Jonathon,Practice,6,82,7,5.5,7,7137,75,4.99,42,7.73,25.63
11/16/2022,Santiago,Practice,8,87,8,6.5,6,8012,46,5.82,69,6.95,24.93
11/17/2022,Bill,Practice,5,78,6,3,8,5196,85,6.64,65,6.78,28.62
11/17/2022,Jack,Practice,9,92,8.5,4.5,5,6716,71,4.53,76,5.66,29.73
11/17/2022,Franco,Practice,6,82,7,3,7,5908,78,4.57,32,6.76,30.59
11/17/2022,Elijiah,Practice,8,87,8,6,6,7405,68,6.54,60,5.89,26.78
11/17/2022,Micah,Practice,6,82,7,5.5,7,6980,63,6.5,38,7.62,28.97
11/17/2022,Aaron,Practice,7,84,7.5,4.5,6.5,6832,75,4.78,74,7.5,27.84
11/17/2022,Caden,Practice,6,82,7,6.5,7,7708,46,5.54,49,7.78,28.86
11/17/2022,Trevor,Practice,5,78,6,3,8,6020,49,6.79,51,7.73,30.92
11/17/2022,Jonathon,Practice,6,82,7,6.5,7,8014,66,6.5,60,6.51,30.76
11/17/2022,Santiago,Practice,10,96,9,4.5,4.5,6214,77,5.84,48,7.67,29.67
11/18/2022,Bill,Practice,5,78,6,4.5,8,6758,46,6.59,64,5.9,30.62
11/18/2022,Jack,Practice,5,78,6,4.5,8,6256,41,5.8,59,5.58,24.99
11/18/2022,Franco,Practice,7,84,7.5,5.5,6.5,6955,47,5.94,50,7.68,28.77
11/18/2022,Elijiah,Practice,10,96,9,4.5,4.5,6492,41,5.9,36,6.93,28.77
11/18/2022,Micah,Practice,7,84,7.5,5.5,6.5,7010,74,4.93,30,6.73,26.61
11/18/2022,Aaron,Practice,7,84,7.5,4.5,6.5,6730,53,5.88,41,7.7,25.67
11/18/2022,Caden,Practice,9,92,8.5,6,5,7564,83,5.7,54,5.83,24.58
11/18/2022,Trevor,Practice,5,78,6,6,8,7535,77,6.85,30,7.9,24.6
11/18/2022,Jonathon,Practice,6,82,7,6,7,7678,58,5.53,46,5.62,24.97
11/18/2022,Santiago,Practice,9,92,8.5,3,5,5173,70,6.86,45,5.73,27.65
11/19/2022,Bill,Game,8,87,8,8,6,10388,78,5.67,40,5.92,27.66
11/19/2022,Jack,Game,10,96,9,8,4.5,11152,49,4.92,61,7.7,26.84
11/19/2022,Franco,Game,9,92,8.5,8,5,11038,39,6.92,54,5.7,26.94
11/19/2022,Elijiah,Game,10,96,9,7.5,4.5,9576,33,4.72,29,7.56,30.88
11/19/2022,Micah,Game,9,92,8.5,6.5,5,8055,51,4.65,50,6.92,27.86
11/19/2022,Aaron,Game,5,78,6,8,8,11502,42,4.67,62,6.77,27.77
11/19/2022,Caden,Game,9,92,8.5,7.5,5,8756,31,6.54,40,6.71,28.96
11/19/2022,Trevor,Game,5,78,6,7.5,8,9322,70,6.82,54,6.65,29.65
11/19/2022,Jonathon,Game,7,84,7.5,8,6.5,10254,44,5.58,32,7.85,27.7
11/19/2022,Santiago,Game,6,82,7,8,7,10108,50,5.87,60,5.82,26.8
11/21/2022,Bill,Practice,6,82,7,5.5,7,7250,46,5.71,62,5.72,24.98
11/21/2022,Jack,Practice,10,96,9,6,4.5,7344,42,6.68,47,6.69,30.77
11/21/2022,Franco,Practice,8,87,8,6.5,6,7987,66,6.73,48,5.56,24.53
11/21/2022,Elijiah,Practice,10,96,9,4.5,4.5,6750,54,5.54,39,7.7,25.77
11/21/2022,Micah,Practice,5,78,6,4.5,8,6797,53,4.9,41,6.72,28.76
11/21/2022,Aaron,Practice,6,82,7,4.5,7,6352,44,4.61,80,6.62,26.53
11/21/2022,Caden,Practice,8,87,8,6.5,6,8013,77,5.64,36,5.91,27.94
11/21/2022,Trevor,Practice,5,78,6,5.5,8,7157,69,6.78,43,6.93,28.5
11/21/2022,Jonathon,Practice,10,96,9,6,4.5,7383,48,5.81,50,6.72,28.81
11/21/2022,Santiago,Practice,9,92,8.5,3,5,6083,72,4.76,72,6.58,30.75
11/21/2022,Bill,Practice,5,78,6,4.5,8,6477,47,4.54,77,5.67,29.51
11/21/2022,Jack,Practice,8,87,8,3,6,5815,78,4.76,64,7.63,29.66
11/21/2022,Franco,Practice,9,92,8.5,3,5,6091,80,5.55,31,5.64,28.54
11/21/2022,Elijiah,Practice,7,84,7.5,3,6.5,5108,54,4.66,37,5.51,29.87
11/21/2022,Micah,Practice,6,82,7,6,7,7379,76,6.67,49,7.71,30.6
11/21/2022,Aaron,Practice,7,84,7.5,4.5,6.5,6660,83,4.73,30,6.99,24.97
11/21/2022,Caden,Practice,7,84,7.5,4.5,6.5,6251,44,4.84,49,5.88,28.98
11/21/2022,Trevor,Practice,10,96,9,4.5,4.5,6207,50,6.74,38,6.81,27.6
11/21/2022,Jonathon,Practice,7,84,7.5,6,6.5,7645,46,5.81,37,6.82,27.9
11/21/2022,Santiago,Practice,7,84,7.5,3,6.5,5134,51,6.88,70,7.81,30.56
11/22/2022,Bill,Practice,8,87,8,3,6,5717,41,5.99,40,5.65,29.82
11/22/2022,Jack,Practice,6,82,7,3,7,5181,80,6.66,73,7.67,28.86
11/22/2022,Franco,Practice,9,92,8.5,6.5,5,7998,51,4.84,50,6.71,27.55
11/22/2022,Elijiah,Practice,6,82,7,4.5,7,6506,45,5.8,73,5.54,28.62
11/22/2022,Micah,Practice,7,84,7.5,3,6.5,5566,56,4.86,46,6.51,25.87
11/22/2022,Aaron,Practice,10,96,9,6,4.5,7580,66,5.66,53,7.56,25.85
11/22/2022,Caden,Practice,9,92,8.5,6,5,7533,59,5.76,38,5.57,28.54
11/22/2022,Trevor,Practice,9,92,8.5,4.5,5,6162,43,6.99,63,7.58,30.94
11/22/2022,Jonathon,Practice,5,78,6,4.5,8,6730,70,5.84,61,6.7,27.57
11/22/2022,Santiago,Practice,6,82,7,3,7,6044,53,6.62,42,5.9,30.55
11/28/2022,Bill,Practice,10,96,9,5.5,4.5,7051,56,6.68,44,5.72,26.98
11/28/2022,Jack,Practice,9,92,8.5,6,5,7402,54,4.64,44,6.66,29.97
11/28/2022,Franco,Practice,8,87,8,6,6,7372,42,5.67,41,7.74,26.65
11/28/2022,Elijiah,Practice,9,92,8.5,3,5,5711,68,6.89,77,5.88,27.53
11/28/2022,Micah,Practice,7,84,7.5,3,6.5,5494,70,6.82,29,5.59,27.94
11/28/2022,Aaron,Practice,10,96,9,6,4.5,7465,72,4.77,47,5.58,29.53
11/28/2022,Caden,Practice,5,78,6,5.5,8,7144,78,6.78,42,6.9,24.69
11/28/2022,Trevor,Practice,7,84,7.5,4.5,6.5,6648,63,5.83,71,7.78,28.72
11/28/2022,Jonathon,Practice,9,92,8.5,6,5,7519,84,4.96,57,5.78,29.72
11/28/2022,Santiago,Practice,5,78,6,3,8,5411,71,6.85,58,6.63,26.99
11/29/2022,Bill,Practice,10,96,9,6,4.5,7508,53,4.9,28,7.89,27.64
11/29/2022,Jack,Practice,6,82,7,5.5,7,7221,45,5.7,36,6.58,29.81
11/29/2022,Franco,Practice,6,82,7,5.5,7,7245,62,6.99,49,6.78,25.58
11/29/2022,Elijiah,Practice,7,84,7.5,4.5,6.5,6261,78,6.76,58,5.54,24.85
11/29/2022,Micah,Practice,10,96,9,5.5,4.5,6967,56,5.79,34,5.6,28.95
11/29/2022,Aaron,Practice,5,78,6,4.5,8,6378,40,5.71,57,5.81,30.73
11/29/2022,Caden,Practice,9,92,8.5,3,5,5366,76,5.97,41,6.87,24.53
11/29/2022,Trevor,Practice,10,96,9,3,4.5,5475,85,6.75,77,7.69,24.56
11/29/2022,Jonathon,Practice,5,78,6,5.5,8,7180,51,6.61,79,5.65,26.51
11/29/2022,Santiago,Practice,9,92,8.5,3,5,6134,84,6.88,68,7.92,27.84
11/30/2022,Bill,Practice,6,82,7,3,7,5417,75,5.55,49,7.57,29.72
11/30/2022,Jack,Practice,6,82,7,3,7,6133,41,5.76,56,7.65,26.66
11/30/2022,Franco,Practice,8,87,8,6.5,6,7968,62,4.9,34,7.95,26.8
11/30/2022,Elijiah,Practice,5,78,6,5.5,8,7133,71,5.99,62,6.81,24.97
11/30/2022,Micah,Practice,9,92,8.5,5.5,5,7110,59,6.94,64,6.5,30.97
11/30/2022,Aaron,Practice,5,78,6,4.5,8,6828,57,6.62,72,6.93,29.87
11/30/2022,Caden,Practice,8,87,8,6.5,6,7764,61,5.56,58,5.58,24.72
11/30/2022,Trevor,Practice,9,92,8.5,3,5,5658,75,4.87,43,6.62,28.69
11/30/2022,Jonathon,Practice,5,78,6,5.5,8,7178,44,6.68,70,6.77,29.94
11/30/2022,Santiago,Practice,10,96,9,4.5,4.5,6528,62,4.52,73,5.59,30.89
12/1/2022,Bill,Practice,6,82,7,5.5,7,7116,48,4.55,68,6.67,30.77
12/1/2022,Jack,Practice,5,78,6,3,8,5799,51,5.83,75,7.84,28.56
12/1/2022,Franco,Practice,9,92,8.5,6.5,5,7922,52,6.75,49,6.95,29.62
12/1/2022,Elijiah,Practice,5,78,6,5.5,8,7076,45,5.62,47,6.87,28.96
12/1/2022,Micah,Practice,9,92,8.5,4.5,5,6694,48,5.93,79,6.8,27.89
12/1/2022,Aaron,Practice,6,82,7,6.5,7,7847,63,6.88,38,7.85,26.77
12/1/2022,Caden,Practice,8,87,8,3,6,5493,84,4.57,60,5.93,28.75
12/1/2022,Trevor,Practice,9,92,8.5,4.5,5,6625,63,4.72,38,5.68,28.68
12/1/2022,Jonathon,Practice,9,92,8.5,5.5,5,7149,52,5.9,78,6.58,25.88
12/1/2022,Santiago,Practice,10,96,9,5.5,4.5,7086,83,5.67,37,6.66,27.84
12/2/2022,Bill,Practice,6,82,7,3,7,5965,72,4.9,72,7.6,28.98
12/2/2022,Jack,Practice,8,87,8,3,6,5431,44,4.57,78,7.97,29.59
12/2/2022,Franco,Practice,6,82,7,3,7,5856,48,6.79,69,7.93,30.77
12/2/2022,Elijiah,Practice,5,78,6,6.5,8,7740,82,5.85,79,6.97,29.81
12/2/2022,Micah,Practice,8,87,8,4.5,6,6583,42,5.96,51,7.51,26.69
12/2/2022,Aaron,Practice,6,82,7,5.5,7,7028,48,5.79,74,5.63,24.85
12/2/2022,Caden,Practice,6,82,7,3,7,6012,76,6.89,61,6.98,25.78
12/2/2022,Trevor,Practice,6,82,7,4.5,7,6688,60,4.79,34,7.72,30.62
12/2/2022,Jonathon,Practice,9,92,8.5,6,5,7608,71,5.52,36,7.65,25.96
12/2/2022,Santiago,Practice,5,78,6,3,8,5250,51,5.7,42,5.73,26.87
12/3/2022,Bill,Game,7,84,7.5,7.5,6.5,9540,78,6.82,62,7.85,29.5
12/3/2022,Jack,Game,10,96,9,8,4.5,10868,45,6.99,41,7.95,30.57
12/3/2022,Franco,Game,10,96,9,7.5,4.5,8629,69,6.63,30,5.5,29.57
12/3/2022,Elijiah,Game,5,78,6,7.5,8,9828,64,6.75,54,5.63,26.8
12/3/2022,Micah,Game,9,92,8.5,6.5,5,8287,75,6.67,49,6.68,28.85
12/3/2022,Aaron,Game,5,78,6,7.5,8,8825,51,6.72,63,5.74,26.82
12/3/2022,Caden,Game,10,96,9,7.5,4.5,8524,66,6.93,51,5.79,28.56
12/3/2022,Trevor,Game,9,92,8.5,8,5,11571,44,5.95,28,7.59,29.91
12/3/2022,Jonathon,Game,7,84,7.5,7.5,6.5,8623,52,5.58,52,7.74,24.99
12/3/2022,Santiago,Game,8,87,8,8,6,10035,34,5.59,52,6.75,29.91
12/5/2022,Bill,Practice,6,82,7,5.5,7,7138,83,6.68,70,6.89,26.98
12/5/2022,Jack,Practice,8,87,8,5.5,6,7103,43,4.72,76,7.81,28.68
12/5/2022,Franco,Practice,10,96,9,3,4.5,5676,82,4.6,55,7.82,28.8
12/5/2022,Elijiah,Practice,6,82,7,5.5,7,6922,63,4.95,78,6.89,27.73
12/5/2022,Micah,Practice,6,82,7,3,7,5238,46,4.95,72,7.62,28.51
12/5/2022,Aaron,Practice,8,87,8,5.5,6,7205,60,4.9,33,5.98,24.85
12/5/2022,Caden,Practice,6,82,7,3,7,5762,55,5.8,72,7.87,30.74
12/5/2022,Trevor,Practice,10,96,9,6,4.5,7560,40,4.91,73,7.79,25.98
12/5/2022,Jonathon,Practice,7,84,7.5,4.5,6.5,6649,53,4.76,71,6.88,26.71
12/5/2022,Santiago,Practice,5,78,6,3,8,5375,80,4.6,57,5.84,28.89
12/6/2022,Bill,Practice,9,92,8.5,4.5,5,6654,57,5.98,57,7.7,27.98
12/6/2022,Jack,Practice,6,82,7,4.5,7,6641,40,6.86,67,6.89,28.82
12/6/2022,Franco,Practice,9,92,8.5,6,5,7646,64,5.98,80,7.99,28.94
12/6/2022,Elijiah,Practice,9,92,8.5,6,5,7540,47,5.67,40,5.53,29.67
12/6/2022,Micah,Practice,6,82,7,5.5,7,6871,60,6.62,39,5.65,29.59
12/6/2022,Aaron,Practice,6,82,7,4.5,7,6668,68,5.53,62,5.89,26.8
12/6/2022,Caden,Practice,6,82,7,6,7,7396,59,6.97,69,5.73,29.77
12/6/2022,Trevor,Practice,7,84,7.5,6,6.5,7354,51,6.95,80,5.64,29.55
12/6/2022,Jonathon,Practice,8,87,8,3,6,5936,73,4.52,48,7.79,30.9
12/6/2022,Santiago,Practice,5,78,6,3,8,5188,78,4.78,63,6.54,25.99
12/7/2022,Bill,Practice,5,78,6,6.5,8,7776,71,6.7,68,6.96,27.9
12/7/2022,Jack,Practice,6,82,7,4.5,7,6782,61,5.67,79,5.95,27.65
12/7/2022,Franco,Practice,7,84,7.5,3,6.5,5762,42,5.55,36,7.62,24.68
12/7/2022,Elijiah,Practice,7,84,7.5,3,6.5,6111,73,5.82,34,5.78,24.83
12/7/2022,Micah,Practice,8,87,8,3,6,5392,48,5.51,57,6.74,26.62
12/7/2022,Aaron,Practice,10,96,9,3,4.5,5157,74,5.62,41,5.97,24.75
12/7/2022,Caden,Practice,7,84,7.5,4.5,6.5,6357,71,6.73,71,7.64,26.61
12/7/2022,Trevor,Practice,6,82,7,6.5,7,7757,47,6.65,38,5.87,24.79
12/7/2022,Jonathon,Practice,10,96,9,6,4.5,7339,54,4.76,31,5.63,29.95
12/7/2022,Santiago,Practice,6,82,7,6.5,7,8091,46,5.64,61,5.68,28.99
12/8/2022,Bill,Practice,5,78,6,4.5,8,6613,85,4.62,76,5.98,25.74
12/8/2022,Jack,Practice,7,84,7.5,6.5,6.5,7803,75,6.89,67,7.84,29.74
12/8/2022,Franco,Practice,9,92,8.5,4.5,5,6498,83,6.93,39,5.62,26.65
12/8/2022,Elijiah,Practice,7,84,7.5,4.5,6.5,6464,81,5.99,64,7.8,24.71
12/8/2022,Micah,Practice,5,78,6,5.5,8,7183,81,6.92,62,5.53,28.73
12/8/2022,Aaron,Practice,6,82,7,3,7,5858,53,4.84,30,5.73,29.51
12/8/2022,Caden,Practice,8,87,8,3,6,5787,55,5.66,30,7.66,29.5
12/8/2022,Trevor,Practice,9,92,8.5,3,5,5252,51,4.82,75,6.72,28.67
12/8/2022,Jonathon,Practice,9,92,8.5,3,5,5350,80,4.96,41,7.78,26.86
12/8/2022,Santiago,Practice,10,96,9,6,4.5,7371,45,4.67,77,7.97,26.66
12/9/2022,Bill,Practice,10,96,9,4.5,4.5,6827,45,5.76,53,6.93,26.72
12/9/2022,Jack,Practice,6,82,7,4.5,7,6471,78,5.54,33,7.58,26.88
12/9/2022,Franco,Practice,5,78,6,6.5,8,7810,68,4.73,57,7.74,26.55
12/9/2022,Elijiah,Practice,5,78,6,5.5,8,6863,43,4.58,43,6.75,28.62
12/9/2022,Micah,Practice,5,78,6,3,8,5248,60,5.78,70,7.66,29.91
12/9/2022,Aaron,Practice,10,96,9,4.5,4.5,6780,51,5.8,64,5.61,27.59
12/9/2022,Caden,Practice,9,92,8.5,3,5,5111,66,4.81,65,7.7,24.99
12/9/2022,Trevor,Practice,5,78,6,6.5,8,7964,66,6.8,67,6.93,30.64
12/9/2022,Jonathon,Practice,8,87,8,5.5,6,7230,79,6.68,73,6.56,25.66
12/9/2022,Santiago,Practice,10,96,9,4.5,4.5,6844,84,5.72,38,5.99,29.51
12/10/2022,Bill,Game,8,87,8,7.5,6,8399,52,5.7,47,5.85,27.75
12/10/2022,Jack,Game,5,78,6,8,8,11831,70,5.54,56,6.7,24.84
12/10/2022,Franco,Game,7,84,7.5,7.5,6.5,8612,50,5.79,67,5.58,25.93
12/10/2022,Elijiah,Game,7,84,7.5,7.5,6.5,9163,75,4.62,61,6.92,29.8
12/10/2022,Micah,Game,5,78,6,7.5,8,8454,67,4.89,29,7.79,30.92
12/10/2022,Aaron,Game,10,96,9,8,4.5,10601,58,6.73,54,5.85,24.98
12/10/2022,Caden,Game,6,82,7,7.5,7,9936,65,5.61,47,5.95,29.74
12/10/2022,Trevor,Game,8,87,8,8,6,10317,48,5.71,36,6.52,24.56
12/10/2022,Jonathon,Game,8,87,8,8,6,11861,59,6.6,28,6.86,27.81
12/10/2022,Santiago,Game,5,78,6,8,8,10710,46,4.97,53,6.8,24.83
12/12/2022,Bill,Practice,8,87,8,3,6,5473,44,5.51,58,7.52,24.53
12/12/2022,Jack,Practice,9,92,8.5,3,5,5294,44,4.98,71,6.71,27.57
12/12/2022,Franco,Practice,7,84,7.5,6,6.5,7584,73,5.83,51,6.82,26.8
12/12/2022,Elijiah,Practice,8,87,8,6,6,7483,49,5.95,28,7.67,24.59
12/12/2022,Micah,Practice,7,84,7.5,4.5,6.5,6438,40,5.76,79,5.51,30.81
12/12/2022,Aaron,Practice,8,87,8,6.5,6,7716,50,6.67,29,7.64,24.97
12/12/2022,Caden,Practice,7,84,7.5,6.5,6.5,7931,72,4.6,75,6.7,24.63
12/12/2022,Trevor,Practice,10,96,9,5.5,4.5,7277,51,6.73,75,5.56,27.87
12/12/2022,Jonathon,Practice,5,78,6,4.5,8,6524,44,4.51,63,5.82,25.84
12/12/2022,Santiago,Practice,10,96,9,6.5,4.5,7999,74,5.83,35,6.63,27.89
12/13/2022,Bill,Practice,7,84,7.5,5.5,6.5,7172,41,5.99,63,7.89,29.96
12/13/2022,Jack,Practice,9,92,8.5,3,5,5303,73,5.59,59,6.73,30.77
12/13/2022,Franco,Practice,9,92,8.5,3,5,5744,63,4.63,41,5.95,28.7
12/13/2022,Elijiah,Practice,9,92,8.5,3,5,5751,68,4.95,64,7.57,30.64
12/13/2022,Micah,Practice,9,92,8.5,6.5,5,7832,67,6.72,69,6.74,25.84
12/13/2022,Aaron,Practice,8,87,8,3,6,5132,85,4.83,29,6.87,24.54
12/13/2022,Caden,Practice,5,78,6,6.5,8,7767,72,4.5,73,6.65,27.75
12/13/2022,Trevor,Practice,6,82,7,3,7,6141,85,5.77,28,5.93,29.74
12/13/2022,Jonathon,Practice,10,96,9,3,4.5,5387,48,4.71,32,7.69,28.73
12/13/2022,Santiago,Practice,7,84,7.5,3,6.5,5743,51,5.83,52,7.5,25.87
12/14/2022,Bill,Practice,8,87,8,3,6,5655,62,4.73,54,6.99,30.91
12/14/2022,Jack,Practice,5,78,6,6,8,7585,54,4.52,51,5.57,27.91
12/14/2022,Franco,Practice,9,92,8.5,6.5,5,8048,61,4.68,59,7.57,25.73
12/14/2022,Elijiah,Practice,8,87,8,6.5,6,7856,60,6.71,53,5.81,30.93
12/14/2022,Micah,Practice,10,96,9,4.5,4.5,6435,67,6.62,72,7.58,28.61
12/14/2022,Aaron,Practice,5,78,6,3,8,5886,65,4.61,38,5.65,30.61
12/14/2022,Caden,Practice,8,87,8,5.5,6,6943,53,5.54,79,6.88,28.62
12/14/2022,Trevor,Practice,9,92,8.5,4.5,5,6353,50,4.55,49,6.53,28.8
12/14/2022,Jonathon,Practice,6,82,7,6.5,7,7762,69,6.96,68,6.88,29.82
12/14/2022,Santiago,Practice,9,92,8.5,3,5,6001,64,5.7,78,7.66,25.59
12/15/2022,Bill,Practice,10,96,9,6,4.5,7372,55,4.95,42,6.92,28.75
12/15/2022,Jack,Practice,8,87,8,3,6,5562,78,6.66,43,6.95,25.98
12/15/2022,Franco,Practice,10,96,9,5.5,4.5,7195,82,6.69,55,7.93,27.58
12/15/2022,Elijiah,Practice,8,87,8,5.5,6,6917,78,4.86,52,5.53,28.91
12/15/2022,Micah,Practice,7,84,7.5,3,6.5,5407,73,5.69,71,7.97,24.58
12/15/2022,Aaron,Practice,8,87,8,4.5,6,6566,70,5.96,53,7.9,24.8
12/15/2022,Caden,Practice,9,92,8.5,6,5,7444,48,6.91,43,5.72,28.82
12/15/2022,Trevor,Practice,7,84,7.5,6.5,6.5,8095,54,5.7,56,5.69,26.79
12/15/2022,Jonathon,Practice,7,84,7.5,3,6.5,5209,81,4.67,77,6.91,24.64
12/15/2022,Santiago,Practice,9,92,8.5,3,5,5333,68,5.51,67,6.69,26.5
12/16/2022,Bill,Practice,10,96,9,6,4.5,7421,51,4.84,55,7.78,30.61
12/16/2022,Jack,Practice,10,96,9,4.5,4.5,6750,46,5.67,67,5.67,25.55
12/16/2022,Franco,Practice,6,82,7,3,7,5602,43,6.87,52,5.85,29.58
12/16/2022,Elijiah,Practice,6,82,7,6.5,7,8083,50,6.54,29,6.86,30.85
12/16/2022,Micah,Practice,7,84,7.5,6,6.5,7470,57,6.82,60,7.51,25.97
12/16/2022,Aaron,Practice,10,96,9,3,4.5,5659,62,4.85,51,5.76,24.87
12/16/2022,Caden,Practice,9,92,8.5,6,5,7584,70,6.86,37,7.65,25.87
12/16/2022,Trevor,Practice,6,82,7,3,7,6133,71,5.89,44,6.69,25.5
12/16/2022,Jonathon,Practice,7,84,7.5,4.5,6.5,6448,65,4.67,41,6.61,30.67
12/16/2022,Santiago,Practice,8,87,8,4.5,6,6352,48,5.59,79,7.96,25.78
12/17/2022,Bill,Game,6,82,7,7.5,7,8734,66,5.77,28,5.81,24.8
12/17/2022,Jack,Game,7,84,7.5,7.5,6.5,9961,55,5.66,36,7.61,30.66
12/17/2022,Franco,Game,10,96,9,7.5,4.5,9662,34,5.68,47,5.99,29.59
12/17/2022,Elijiah,Game,6,82,7,8,7,11995,58,4.65,38,6.74,30.9
12/17/2022,Micah,Game,5,78,6,8,8,10882,59,4.83,69,7.77,27.54
12/17/2022,Aaron,Game,8,87,8,8,6,11244,80,6.8,35,5.73,27.6
12/17/2022,Caden,Game,5,78,6,7.5,8,8443,55,6.74,70,6.75,25.83
12/17/2022,Trevor,Game,7,84,7.5,8,6.5,11819,57,4.99,38,5.93,24.82
12/17/2022,Jonathon,Game,6,82,7,7.5,7,9934,54,5.81,45,6.82,27.96
12/17/2022,Santiago,Game,10,96,9,7.5,4.5,9113,41,6.9,48,5.7,27.57
12/19/2022,Bill,Practice,8,87,8,6,6,7495,74,6.5,39,6.52,26.56
12/19/2022,Jack,Practice,9,92,8.5,4.5,5,6648,78,5.66,79,5.73,24.67
12/19/2022,Franco,Practice,6,82,7,4.5,7,6559,59,6.63,70,6.72,30.59
12/19/2022,Elijiah,Practice,8,87,8,4.5,6,6374,83,5.55,66,7.97,25.5
12/19/2022,Micah,Practice,6,82,7,4.5,7,6556,44,4.82,46,5.89,28.6
12/19/2022,Aaron,Practice,10,96,9,3,4.5,6033,63,5.8,70,5.89,26.66
12/19/2022,Caden,Practice,8,87,8,3,6,5823,52,4.55,39,6.66,29.91
12/19/2022,Trevor,Practice,6,82,7,4.5,7,6647,70,4.59,29,6.88,24.56
12/19/2022,Jonathon,Practice,7,84,7.5,6.5,6.5,7821,64,4.84,35,7.55,28.6
12/19/2022,Santiago,Practice,9,92,8.5,6.5,5,7944,52,5.88,41,6.53,26.83
12/20/2022,Bill,Practice,9,92,8.5,6,5,7301,62,4.79,67,6.57,25.61
12/20/2022,Jack,Practice,8,87,8,5.5,6,6940,48,4.95,30,6.64,25.64
12/20/2022,Franco,Practice,5,78,6,3,8,5927,62,5.85,51,6.77,25.93
12/20/2022,Elijiah,Practice,6,82,7,5.5,7,7016,64,5.57,38,5.87,30.79
12/20/2022,Micah,Practice,7,84,7.5,6,6.5,7640,42,4.77,47,5.83,26.64
12/20/2022,Aaron,Practice,6,82,7,4.5,7,6784,43,4.99,69,7.6,24.63
12/20/2022,Caden,Practice,7,84,7.5,6,6.5,7306,84,6.8,67,6.67,25.54
12/20/2022,Trevor,Practice,8,87,8,3,6,5653,62,5.81,36,5.51,24.51
12/20/2022,Jonathon,Practice,10,96,9,6,4.5,7603,69,4.75,31,6.6,26.88
12/20/2022,Santiago,Practice,8,87,8,4.5,6,6758,75,4.8,49,6.51,26.87